Assembly	DBG_Illumina_NoErr	OLC_Illumina_NoErr	SPAdes_Illumina_NoErr	DBG_Illumina_Err	OLC_Illumina_Err	SPAdes_Illumina_Err	DBG_ONT_NoErr	OLC_ONT_NoErr	DBG_ONT_Err	OLC_ONT_Err	SPAdes_Hybrid_NoErr	SPAdes_Hybrid_Err
# misassemblies	0	0	0	0	0	0	0	0	0	0	0	0
  # contig misassemblies	0	0	0	0	0	0	0	0	0	0	0	0
    # c. relocations	0	0	0	0	0	0	0	0	0	0	0	0
    # c. translocations	0	0	0	0	0	0	0	0	0	0	0	0
    # c. inversions	0	0	0	0	0	0	0	0	0	0	0	0
  # scaffold misassemblies	0	0	0	0	0	0	0	0	0	0	0	0
    # s. relocations	0	0	0	0	0	0	0	0	0	0	0	0
    # s. translocations	0	0	0	0	0	0	0	0	0	0	0	0
    # s. inversions	0	0	0	0	0	0	0	0	0	0	0	0
# misassembled contigs	0	0	0	0	0	0	0	0	0	0	0	0
Misassembled contigs length	0	0	0	0	0	0	0	0	0	0	0	0
# local misassemblies	0	0	0	0	0	0	0	0	0	0	0	0
# scaffold gap ext. mis.	0	0	0	0	0	0	0	0	0	0	0	0
# scaffold gap loc. mis.	0	0	0	0	0	0	0	0	0	0	0	0
# unaligned mis. contigs	0	0	0	0	0	0	0	0	0	0	0	0
# mismatches	0	0	0	5	2240	0	0	0	13	128	0	0
# indels	0	0	0	0	0	0	0	0	24	466	0	0
    # indels (<= 5 bp)	0	0	0	0	0	0	0	0	24	466	0	0
    # indels (> 5 bp)	0	0	0	0	0	0	0	0	0	0	0	0
Indels length	0	0	0	0	0	0	0	0	26	580	0	0
