S1	E1	S2	E2	Reference	Contig	IDY	Ambiguous	Best_group
28607	29203	1	597	NC_019843.3	contig_1	100.0		True
CONTIG	contig_1	597	correct
3154	3521	1	368	NC_019843.3	contig_2	100.0		True
CONTIG	contig_2	368	correct
19701	20065	1	365	NC_019843.3	contig_3	100.0		True
CONTIG	contig_3	365	correct
20699	21041	1	343	NC_019843.3	contig_4	100.0		True
CONTIG	contig_4	343	correct
24631	24942	1	312	NC_019843.3	contig_5	100.0		True
CONTIG	contig_5	312	correct
5481	5768	1	288	NC_019843.3	contig_6	100.0		True
CONTIG	contig_6	288	correct
1006	1276	1	271	NC_019843.3	contig_7	100.0		True
CONTIG	contig_7	271	correct
27167	27409	1	243	NC_019843.3	contig_8	100.0		True
CONTIG	contig_8	243	correct
6563	6801	1	239	NC_019843.3	contig_9	100.0		True
CONTIG	contig_9	239	correct
14682	14918	1	237	NC_019843.3	contig_10	100.0		True
CONTIG	contig_10	237	correct
12592	12826	1	235	NC_019843.3	contig_11	100.0		True
CONTIG	contig_11	235	correct
16362	16589	1	228	NC_019843.3	contig_12	100.0		True
CONTIG	contig_12	228	correct
22224	22450	1	227	NC_019843.3	contig_13	100.0		True
CONTIG	contig_13	227	correct
12886	13111	1	226	NC_019843.3	contig_14	100.0		True
CONTIG	contig_14	226	correct
23959	24166	1	208	NC_019843.3	contig_15	100.0		True
CONTIG	contig_15	208	correct
10430	10636	1	207	NC_019843.3	contig_16	100.0		True
CONTIG	contig_16	207	correct
9788	9994	1	207	NC_019843.3	contig_17	100.0		True
CONTIG	contig_17	207	correct
13447	13646	1	200	NC_019843.3	contig_18	100.0		True
CONTIG	contig_18	200	correct
16817	17007	1	191	NC_019843.3	contig_19	100.0		True
CONTIG	contig_19	191	correct
2994	3183	1	190	NC_019843.3	contig_20	100.0		True
CONTIG	contig_20	190	correct
11353	11541	1	189	NC_019843.3	contig_21	100.0		True
CONTIG	contig_21	189	correct
8427	8615	1	189	NC_019843.3	contig_22	100.0		True
CONTIG	contig_22	189	correct
10832	11020	1	189	NC_019843.3	contig_23	100.0		True
CONTIG	contig_23	189	correct
2151	2334	1	184	NC_019843.3	contig_24	100.0		True
CONTIG	contig_24	184	correct
4213	4394	1	182	NC_019843.3	contig_25	100.0		True
CONTIG	contig_25	182	correct
25916	26094	1	179	NC_019843.3	contig_26	100.0		True
CONTIG	contig_26	179	correct
4831	5009	1	179	NC_019843.3	contig_27	100.0		True
CONTIG	contig_27	179	correct
27380	27556	1	177	NC_019843.3	contig_28	100.0		True
CONTIG	contig_28	177	correct
17728	17899	1	172	NC_019843.3	contig_29	100.0		True
CONTIG	contig_29	172	correct
14889	15058	1	170	NC_019843.3	contig_30	100.0		True
CONTIG	contig_30	170	correct
1619	1787	1	169	NC_019843.3	contig_31	100.0		True
CONTIG	contig_31	169	correct
22055	22222	1	168	NC_019843.3	contig_32	100.0		True
CONTIG	contig_32	168	correct
25781	25945	1	165	NC_019843.3	contig_33	100.0		True
CONTIG	contig_33	165	correct
1758	1920	1	163	NC_019843.3	contig_34	100.0		True
CONTIG	contig_34	163	correct
585	746	1	162	NC_019843.3	contig_35	100.0		True
CONTIG	contig_35	162	correct
213	371	1	159	NC_019843.3	contig_36	100.0		True
CONTIG	contig_36	159	correct
28262	28417	1	156	NC_019843.3	contig_37	100.0		True
CONTIG	contig_37	156	correct
18145	18297	1	153	NC_019843.3	contig_38	100.0		True
CONTIG	contig_38	153	correct
26918	27070	1	153	NC_019843.3	contig_39	100.0		True
CONTIG	contig_39	153	correct
6030	6181	1	152	NC_019843.3	contig_40	100.0		True
CONTIG	contig_40	152	correct
22882	23033	1	152	NC_019843.3	contig_41	100.0		True
CONTIG	contig_41	152	correct
18938	19087	1	150	NC_019843.3	contig_42	100.0		True
CONTIG	contig_42	150	correct
27527	27674	1	148	NC_019843.3	contig_43	100.0		True
CONTIG	contig_43	148	correct
19275	19421	1	147	NC_019843.3	contig_44	100.0		True
CONTIG	contig_44	147	correct
13724	13870	1	147	NC_019843.3	contig_45	100.0		True
CONTIG	contig_45	147	correct
19472	19617	1	146	NC_019843.3	contig_46	100.0		True
CONTIG	contig_46	146	correct
26431	26576	1	146	NC_019843.3	contig_47	100.0		True
CONTIG	contig_47	146	correct
13332	13476	1	145	NC_019843.3	contig_48	100.0		True
CONTIG	contig_48	145	correct
7838	7981	1	144	NC_019843.3	contig_49	100.0		True
CONTIG	contig_49	144	correct
14025	14167	1	143	NC_019843.3	contig_50	100.0		True
CONTIG	contig_50	143	correct
15651	15791	1	141	NC_019843.3	contig_51	100.0		True
CONTIG	contig_51	141	correct
12049	12187	1	139	NC_019843.3	contig_52	100.0		True
CONTIG	contig_52	139	correct
22574	22711	1	138	NC_019843.3	contig_53	100.0		True
CONTIG	contig_53	138	correct
1484	1620	1	137	NC_019843.3	contig_54	100.0		True
CONTIG	contig_54	137	correct
8958	9094	1	137	NC_019843.3	contig_55	100.0		True
CONTIG	contig_55	137	correct
18	153	1	136	NC_019843.3	contig_56	100.0		True
CONTIG	contig_56	136	correct
29209	29341	1	133	NC_019843.3	contig_57	100.0		True
CONTIG	contig_57	133	correct
20036	20168	1	133	NC_019843.3	contig_58	99.25		True
CONTIG	contig_58	133	correct
27645	27776	1	132	NC_019843.3	contig_59	100.0		True
CONTIG	contig_59	132	correct
18698	18828	1	131	NC_019843.3	contig_60	100.0		True
CONTIG	contig_60	131	correct
1891	2020	1	130	NC_019843.3	contig_61	100.0		True
CONTIG	contig_61	130	correct
6157	6286	1	130	NC_019843.3	contig_62	100.0		True
CONTIG	contig_62	130	correct
12248	12377	1	130	NC_019843.3	contig_63	100.0		True
CONTIG	contig_63	130	correct
15762	15890	1	129	NC_019843.3	contig_64	100.0		True
CONTIG	contig_64	129	correct
7660	7787	1	128	NC_019843.3	contig_65	100.0		True
CONTIG	contig_65	128	correct
11913	12040	1	128	NC_019843.3	contig_66	100.0		True
CONTIG	contig_66	128	correct
764	888	1	125	NC_019843.3	contig_67	100.0		True
CONTIG	contig_67	125	correct
28103	28227	1	125	NC_019843.3	contig_68	100.0		True
CONTIG	contig_68	125	correct
24506	24630	1	125	NC_019843.3	contig_69	100.0		True
CONTIG	contig_69	125	correct
859	982	1	124	NC_019843.3	contig_70	100.0		True
CONTIG	contig_70	124	correct
24927	25050	1	124	NC_019843.3	contig_71	100.0		True
CONTIG	contig_71	124	correct
10069	10191	1	123	NC_019843.3	contig_72	100.0		True
CONTIG	contig_72	123	correct
20345	20465	1	121	NC_019843.3	contig_73	100.0		True
CONTIG	contig_73	121	correct
26228	26347	1	120	NC_019843.3	contig_74	100.0		True
CONTIG	contig_74	120	correct
8088	8207	1	120	NC_019843.3	contig_75	100.0		True
CONTIG	contig_75	120	correct
123	242	1	120	NC_019843.3	contig_76	96.67		True
CONTIG	contig_76	120	correct
23603	23721	1	119	NC_019843.3	contig_77	100.0		True
CONTIG	contig_77	119	correct
2425	2543	1	119	NC_019843.3	contig_78	100.0		True
CONTIG	contig_78	119	correct
12797	12915	1	119	NC_019843.3	contig_79	100.0		True
CONTIG	contig_79	119	correct
1991	2109	1	119	NC_019843.3	contig_80	100.0		True
CONTIG	contig_80	119	correct
17008	17125	1	118	NC_019843.3	contig_81	100.0		True
CONTIG	contig_81	118	correct
23841	23957	1	117	NC_019843.3	contig_82	100.0		True
CONTIG	contig_82	117	correct
16726	16842	1	117	NC_019843.3	contig_83	100.0		True
CONTIG	contig_83	117	correct
9612	9727	1	116	NC_019843.3	contig_84	100.0		True
CONTIG	contig_84	116	correct
7522	7637	1	116	NC_019843.3	contig_85	100.0		True
CONTIG	contig_85	116	correct
14271	14386	1	116	NC_019843.3	contig_86	100.0		True
CONTIG	contig_86	116	correct
5103	5218	1	116	NC_019843.3	contig_87	100.0		True
CONTIG	contig_87	116	correct
7187	7299	1	113	NC_019843.3	contig_88	100.0		True
CONTIG	contig_88	113	correct
28388	28500	1	113	NC_019843.3	contig_89	100.0		True
CONTIG	contig_89	113	correct
14524	14636	1	113	NC_019843.3	contig_90	100.0		True
CONTIG	contig_90	113	correct
CONTIG	contig_91	112	unaligned
21152	21262	1	111	NC_019843.3	contig_92	100.0		True
CONTIG	contig_92	111	correct
3942	4052	1	111	NC_019843.3	contig_93	100.0		True
CONTIG	contig_93	111	correct
4497	4606	1	110	NC_019843.3	contig_94	100.0		True
CONTIG	contig_94	110	correct
CONTIG	contig_95	110	unaligned
17198	17307	1	110	NC_019843.3	contig_96	100.0		True
CONTIG	contig_96	110	correct
18324	18433	1	110	NC_019843.3	contig_97	100.0		True
CONTIG	contig_97	110	correct
13946	14054	1	109	NC_019843.3	contig_98	100.0		True
CONTIG	contig_98	109	correct
CONTIG	contig_99	109	unaligned
15368	15476	1	109	NC_019843.3	contig_100	100.0		True
CONTIG	contig_100	109	correct
10991	11098	1	108	NC_019843.3	contig_101	100.0		True
CONTIG	contig_101	108	correct
3739	3845	1	107	NC_019843.3	contig_102	100.0		True
CONTIG	contig_102	107	correct
2729	2835	1	107	NC_019843.3	contig_103	100.0		True
CONTIG	contig_103	107	correct
2806	2911	1	106	NC_019843.3	contig_104	100.0		True
CONTIG	contig_104	106	correct
13648	13753	1	106	NC_019843.3	contig_105	100.0		True
CONTIG	contig_105	106	correct
9439	9543	1	105	NC_019843.3	contig_106	100.0		True
CONTIG	contig_106	105	correct
25318	25422	1	105	NC_019843.3	contig_107	100.0		True
CONTIG	contig_107	105	correct
15060	15164	1	105	NC_019843.3	contig_108	100.0		True
CONTIG	contig_108	105	correct
28471	28574	1	104	NC_019843.3	contig_109	100.0		True
CONTIG	contig_109	104	correct
8812	8915	1	104	NC_019843.3	contig_110	100.0		True
CONTIG	contig_110	104	correct
27809	27912	1	104	NC_019843.3	contig_111	100.0		True
CONTIG	contig_111	104	correct
22771	22874	1	104	NC_019843.3	contig_112	100.0		True
CONTIG	contig_112	104	correct
11182	11284	1	103	NC_019843.3	contig_113	100.0		True
CONTIG	contig_113	103	correct
21982	22084	1	103	NC_019843.3	contig_114	100.0		True
CONTIG	contig_114	103	correct
21902	22004	1	103	NC_019843.3	contig_115	100.0		True
CONTIG	contig_115	103	correct
8706	8808	1	103	NC_019843.3	contig_116	100.0		True
CONTIG	contig_116	103	correct
4669	4769	1	101	NC_019843.3	contig_117	100.0		True
CONTIG	contig_117	101	correct
17127	17227	1	101	NC_019843.3	contig_118	100.0		True
CONTIG	contig_118	101	correct
7983	8083	1	101	NC_019843.3	contig_119	100.0		True
CONTIG	contig_119	101	correct
12431	12531	1	101	NC_019843.3	contig_120	100.0		True
CONTIG	contig_120	101	correct
17627	17726	1	100	NC_019843.3	contig_121	100.0		True
CONTIG	contig_121	100	correct
20490	20589	1	100	NC_019843.3	contig_122	100.0		True
CONTIG	contig_122	100	correct
4078	4177	1	100	NC_019843.3	contig_123	100.0		True
CONTIG	contig_123	100	correct
