S1	E1	S2	E2	Reference	Contig	IDY	Ambiguous	Best_group
29369	30004	1	643	NC_019843.3	contig_1	97.67		True
CONTIG	contig_1	643	correct
CONTIG	contig_2	621	unaligned
CONTIG	contig_3	606	unaligned
CONTIG	contig_4	493	unaligned
CONTIG	contig_5	492	unaligned
CONTIG	contig_6	467	unaligned
CONTIG	contig_7	393	unaligned
CONTIG	contig_8	356	unaligned
CONTIG	contig_9	349	unaligned
29689	30029	347	4	NC_019843.3	contig_10	95.06		True
CONTIG	contig_10	347	correct
291	628	8	345	NC_019843.3	contig_11	100.0		True
CONTIG	contig_11	345	correct
CONTIG	contig_12	344	unaligned
CONTIG	contig_13	337	unaligned
CONTIG	contig_14	330	unaligned
CONTIG	contig_15	326	unaligned
CONTIG	contig_16	326	unaligned
CONTIG	contig_17	324	unaligned
CONTIG	contig_18	318	unaligned
CONTIG	contig_19	310	unaligned
CONTIG	contig_20	305	unaligned
CONTIG	contig_21	303	unaligned
CONTIG	contig_22	302	unaligned
CONTIG	contig_23	300	unaligned
CONTIG	contig_24	300	unaligned
CONTIG	contig_25	300	unaligned
CONTIG	contig_26	297	unaligned
CONTIG	contig_27	293	unaligned
CONTIG	contig_28	293	unaligned
CONTIG	contig_29	290	unaligned
CONTIG	contig_30	287	unaligned
CONTIG	contig_31	287	unaligned
CONTIG	contig_32	283	unaligned
CONTIG	contig_33	283	unaligned
CONTIG	contig_34	279	unaligned
CONTIG	contig_35	278	unaligned
CONTIG	contig_36	275	unaligned
CONTIG	contig_37	275	unaligned
CONTIG	contig_38	274	unaligned
CONTIG	contig_39	272	unaligned
CONTIG	contig_40	265	unaligned
CONTIG	contig_41	265	unaligned
CONTIG	contig_42	264	unaligned
CONTIG	contig_43	264	unaligned
CONTIG	contig_44	262	unaligned
CONTIG	contig_45	258	unaligned
CONTIG	contig_46	258	unaligned
CONTIG	contig_47	258	unaligned
CONTIG	contig_48	254	unaligned
CONTIG	contig_49	252	unaligned
CONTIG	contig_50	250	unaligned
CONTIG	contig_51	245	unaligned
CONTIG	contig_52	243	unaligned
CONTIG	contig_53	242	unaligned
CONTIG	contig_54	241	unaligned
CONTIG	contig_55	240	unaligned
CONTIG	contig_56	238	unaligned
CONTIG	contig_57	238	unaligned
CONTIG	contig_58	238	unaligned
CONTIG	contig_59	238	unaligned
CONTIG	contig_60	237	unaligned
CONTIG	contig_61	236	unaligned
CONTIG	contig_62	236	unaligned
CONTIG	contig_63	236	unaligned
CONTIG	contig_64	235	unaligned
CONTIG	contig_65	233	unaligned
CONTIG	contig_66	232	unaligned
CONTIG	contig_67	232	unaligned
CONTIG	contig_68	232	unaligned
CONTIG	contig_69	232	unaligned
CONTIG	contig_70	231	unaligned
CONTIG	contig_71	231	unaligned
CONTIG	contig_72	228	unaligned
CONTIG	contig_73	227	unaligned
CONTIG	contig_74	227	unaligned
CONTIG	contig_75	226	unaligned
CONTIG	contig_76	225	unaligned
CONTIG	contig_77	225	unaligned
CONTIG	contig_78	222	unaligned
CONTIG	contig_79	222	unaligned
CONTIG	contig_80	220	unaligned
CONTIG	contig_81	219	unaligned
CONTIG	contig_82	219	unaligned
CONTIG	contig_83	218	unaligned
CONTIG	contig_84	218	unaligned
CONTIG	contig_85	217	unaligned
CONTIG	contig_86	217	unaligned
CONTIG	contig_87	217	unaligned
CONTIG	contig_88	216	unaligned
CONTIG	contig_89	216	unaligned
CONTIG	contig_90	215	unaligned
CONTIG	contig_91	215	unaligned
CONTIG	contig_92	214	unaligned
1034	1247	1	214	NC_019843.3	contig_93	100.0		True
CONTIG	contig_93	214	correct
CONTIG	contig_94	214	unaligned
CONTIG	contig_95	213	unaligned
CONTIG	contig_96	212	unaligned
CONTIG	contig_97	211	unaligned
CONTIG	contig_98	211	unaligned
CONTIG	contig_99	210	unaligned
CONTIG	contig_100	210	unaligned
CONTIG	contig_101	210	unaligned
CONTIG	contig_102	209	unaligned
CONTIG	contig_103	209	unaligned
CONTIG	contig_104	208	unaligned
CONTIG	contig_105	207	unaligned
CONTIG	contig_106	206	unaligned
CONTIG	contig_107	206	unaligned
CONTIG	contig_108	206	unaligned
CONTIG	contig_109	206	unaligned
CONTIG	contig_110	206	unaligned
CONTIG	contig_111	205	unaligned
CONTIG	contig_112	204	unaligned
CONTIG	contig_113	204	unaligned
CONTIG	contig_114	204	unaligned
CONTIG	contig_115	204	unaligned
CONTIG	contig_116	203	unaligned
CONTIG	contig_117	203	unaligned
CONTIG	contig_118	203	unaligned
CONTIG	contig_119	202	unaligned
CONTIG	contig_120	202	unaligned
CONTIG	contig_121	201	unaligned
CONTIG	contig_122	201	unaligned
CONTIG	contig_123	201	unaligned
CONTIG	contig_124	201	unaligned
CONTIG	contig_125	200	unaligned
CONTIG	contig_126	200	unaligned
CONTIG	contig_127	200	unaligned
CONTIG	contig_128	199	unaligned
CONTIG	contig_129	199	unaligned
CONTIG	contig_130	199	unaligned
CONTIG	contig_131	197	unaligned
CONTIG	contig_132	197	unaligned
CONTIG	contig_133	197	unaligned
CONTIG	contig_134	197	unaligned
CONTIG	contig_135	196	unaligned
CONTIG	contig_136	195	unaligned
CONTIG	contig_137	195	unaligned
CONTIG	contig_138	195	unaligned
CONTIG	contig_139	195	unaligned
CONTIG	contig_140	195	unaligned
CONTIG	contig_141	195	unaligned
CONTIG	contig_142	194	unaligned
CONTIG	contig_143	194	unaligned
CONTIG	contig_144	194	unaligned
CONTIG	contig_145	194	unaligned
CONTIG	contig_146	193	unaligned
CONTIG	contig_147	192	unaligned
CONTIG	contig_148	192	unaligned
CONTIG	contig_149	192	unaligned
CONTIG	contig_150	191	unaligned
CONTIG	contig_151	190	unaligned
CONTIG	contig_152	190	unaligned
CONTIG	contig_153	190	unaligned
CONTIG	contig_154	190	unaligned
CONTIG	contig_155	189	unaligned
CONTIG	contig_156	189	unaligned
CONTIG	contig_157	188	unaligned
CONTIG	contig_158	188	unaligned
CONTIG	contig_159	188	unaligned
728	915	1	188	NC_019843.3	contig_160	100.0		True
CONTIG	contig_160	188	correct
CONTIG	contig_161	188	unaligned
CONTIG	contig_162	187	unaligned
CONTIG	contig_163	187	unaligned
CONTIG	contig_164	186	unaligned
CONTIG	contig_165	186	unaligned
CONTIG	contig_166	185	unaligned
CONTIG	contig_167	185	unaligned
CONTIG	contig_168	184	unaligned
CONTIG	contig_169	184	unaligned
CONTIG	contig_170	184	unaligned
CONTIG	contig_171	183	unaligned
CONTIG	contig_172	183	unaligned
CONTIG	contig_173	183	unaligned
CONTIG	contig_174	182	unaligned
CONTIG	contig_175	182	unaligned
CONTIG	contig_176	182	unaligned
CONTIG	contig_177	182	unaligned
CONTIG	contig_178	182	unaligned
CONTIG	contig_179	182	unaligned
CONTIG	contig_180	182	unaligned
CONTIG	contig_181	182	unaligned
CONTIG	contig_182	181	unaligned
CONTIG	contig_183	181	unaligned
CONTIG	contig_184	181	unaligned
CONTIG	contig_185	180	unaligned
CONTIG	contig_186	180	unaligned
CONTIG	contig_187	179	unaligned
CONTIG	contig_188	179	unaligned
CONTIG	contig_189	179	unaligned
CONTIG	contig_190	178	unaligned
CONTIG	contig_191	178	unaligned
CONTIG	contig_192	178	unaligned
CONTIG	contig_193	178	unaligned
CONTIG	contig_194	177	unaligned
CONTIG	contig_195	177	unaligned
CONTIG	contig_196	176	unaligned
CONTIG	contig_197	176	unaligned
CONTIG	contig_198	176	unaligned
CONTIG	contig_199	176	unaligned
CONTIG	contig_200	174	unaligned
CONTIG	contig_201	174	unaligned
CONTIG	contig_202	173	unaligned
CONTIG	contig_203	173	unaligned
CONTIG	contig_204	173	unaligned
CONTIG	contig_205	173	unaligned
CONTIG	contig_206	173	unaligned
CONTIG	contig_207	173	unaligned
CONTIG	contig_208	173	unaligned
CONTIG	contig_209	172	unaligned
CONTIG	contig_210	172	unaligned
CONTIG	contig_211	172	unaligned
CONTIG	contig_212	172	unaligned
CONTIG	contig_213	172	unaligned
CONTIG	contig_214	171	unaligned
CONTIG	contig_215	171	unaligned
CONTIG	contig_216	171	unaligned
CONTIG	contig_217	171	unaligned
CONTIG	contig_218	170	unaligned
CONTIG	contig_219	170	unaligned
CONTIG	contig_220	170	unaligned
CONTIG	contig_221	169	unaligned
CONTIG	contig_222	169	unaligned
CONTIG	contig_223	169	unaligned
CONTIG	contig_224	169	unaligned
CONTIG	contig_225	168	unaligned
CONTIG	contig_226	168	unaligned
CONTIG	contig_227	168	unaligned
CONTIG	contig_228	168	unaligned
CONTIG	contig_229	168	unaligned
CONTIG	contig_230	167	unaligned
CONTIG	contig_231	167	unaligned
CONTIG	contig_232	167	unaligned
CONTIG	contig_233	167	unaligned
CONTIG	contig_234	167	unaligned
CONTIG	contig_235	166	unaligned
CONTIG	contig_236	166	unaligned
CONTIG	contig_237	166	unaligned
CONTIG	contig_238	165	unaligned
CONTIG	contig_239	165	unaligned
CONTIG	contig_240	165	unaligned
CONTIG	contig_241	165	unaligned
CONTIG	contig_242	164	unaligned
CONTIG	contig_243	164	unaligned
CONTIG	contig_244	163	unaligned
CONTIG	contig_245	163	unaligned
CONTIG	contig_246	163	unaligned
CONTIG	contig_247	163	unaligned
CONTIG	contig_248	162	unaligned
CONTIG	contig_249	162	unaligned
CONTIG	contig_250	162	unaligned
CONTIG	contig_251	161	unaligned
CONTIG	contig_252	161	unaligned
CONTIG	contig_253	161	unaligned
CONTIG	contig_254	161	unaligned
CONTIG	contig_255	161	unaligned
CONTIG	contig_256	161	unaligned
CONTIG	contig_257	161	unaligned
CONTIG	contig_258	161	unaligned
CONTIG	contig_259	161	unaligned
CONTIG	contig_260	160	unaligned
CONTIG	contig_261	160	unaligned
CONTIG	contig_262	160	unaligned
CONTIG	contig_263	160	unaligned
CONTIG	contig_264	160	unaligned
CONTIG	contig_265	160	unaligned
CONTIG	contig_266	159	unaligned
CONTIG	contig_267	159	unaligned
CONTIG	contig_268	159	unaligned
CONTIG	contig_269	159	unaligned
CONTIG	contig_270	158	unaligned
CONTIG	contig_271	158	unaligned
CONTIG	contig_272	158	unaligned
CONTIG	contig_273	158	unaligned
CONTIG	contig_274	158	unaligned
CONTIG	contig_275	158	unaligned
CONTIG	contig_276	157	unaligned
CONTIG	contig_277	157	unaligned
CONTIG	contig_278	157	unaligned
CONTIG	contig_279	156	unaligned
CONTIG	contig_280	156	unaligned
CONTIG	contig_281	156	unaligned
CONTIG	contig_282	156	unaligned
CONTIG	contig_283	156	unaligned
CONTIG	contig_284	156	unaligned
CONTIG	contig_285	156	unaligned
CONTIG	contig_286	155	unaligned
CONTIG	contig_287	155	unaligned
CONTIG	contig_288	155	unaligned
CONTIG	contig_289	155	unaligned
CONTIG	contig_290	155	unaligned
CONTIG	contig_291	155	unaligned
CONTIG	contig_292	155	unaligned
CONTIG	contig_293	154	unaligned
CONTIG	contig_294	154	unaligned
CONTIG	contig_295	153	unaligned
CONTIG	contig_296	153	unaligned
CONTIG	contig_297	153	unaligned
CONTIG	contig_298	153	unaligned
CONTIG	contig_299	153	unaligned
CONTIG	contig_300	153	unaligned
CONTIG	contig_301	153	unaligned
CONTIG	contig_302	153	unaligned
CONTIG	contig_303	153	unaligned
CONTIG	contig_304	153	unaligned
CONTIG	contig_305	153	unaligned
CONTIG	contig_306	153	unaligned
CONTIG	contig_307	153	unaligned
CONTIG	contig_308	153	unaligned
CONTIG	contig_309	153	unaligned
CONTIG	contig_310	153	unaligned
CONTIG	contig_311	152	unaligned
CONTIG	contig_312	152	unaligned
CONTIG	contig_313	152	unaligned
CONTIG	contig_314	152	unaligned
CONTIG	contig_315	152	unaligned
CONTIG	contig_316	152	unaligned
CONTIG	contig_317	152	unaligned
CONTIG	contig_318	152	unaligned
CONTIG	contig_319	152	unaligned
CONTIG	contig_320	152	unaligned
CONTIG	contig_321	151	unaligned
CONTIG	contig_322	151	unaligned
CONTIG	contig_323	151	unaligned
CONTIG	contig_324	151	unaligned
CONTIG	contig_325	151	unaligned
CONTIG	contig_326	151	unaligned
CONTIG	contig_327	151	unaligned
CONTIG	contig_328	150	unaligned
CONTIG	contig_329	150	unaligned
CONTIG	contig_330	150	unaligned
CONTIG	contig_331	150	unaligned
CONTIG	contig_332	150	unaligned
CONTIG	contig_333	150	unaligned
CONTIG	contig_334	150	unaligned
CONTIG	contig_335	150	unaligned
CONTIG	contig_336	150	unaligned
CONTIG	contig_337	150	unaligned
CONTIG	contig_338	150	unaligned
CONTIG	contig_339	150	unaligned
CONTIG	contig_340	150	unaligned
CONTIG	contig_341	150	unaligned
CONTIG	contig_342	150	unaligned
CONTIG	contig_343	149	unaligned
CONTIG	contig_344	149	unaligned
CONTIG	contig_345	149	unaligned
CONTIG	contig_346	149	unaligned
CONTIG	contig_347	149	unaligned
CONTIG	contig_348	149	unaligned
CONTIG	contig_349	149	unaligned
CONTIG	contig_350	149	unaligned
CONTIG	contig_351	148	unaligned
CONTIG	contig_352	148	unaligned
CONTIG	contig_353	148	unaligned
CONTIG	contig_354	148	unaligned
CONTIG	contig_355	148	unaligned
CONTIG	contig_356	148	unaligned
CONTIG	contig_357	148	unaligned
CONTIG	contig_358	148	unaligned
CONTIG	contig_359	148	unaligned
CONTIG	contig_360	147	unaligned
CONTIG	contig_361	147	unaligned
CONTIG	contig_362	147	unaligned
CONTIG	contig_363	147	unaligned
CONTIG	contig_364	147	unaligned
CONTIG	contig_365	147	unaligned
CONTIG	contig_366	147	unaligned
CONTIG	contig_367	147	unaligned
CONTIG	contig_368	147	unaligned
CONTIG	contig_369	146	unaligned
CONTIG	contig_370	146	unaligned
CONTIG	contig_371	146	unaligned
CONTIG	contig_372	146	unaligned
CONTIG	contig_373	146	unaligned
CONTIG	contig_374	146	unaligned
CONTIG	contig_375	145	unaligned
CONTIG	contig_376	145	unaligned
CONTIG	contig_377	145	unaligned
CONTIG	contig_378	145	unaligned
CONTIG	contig_379	145	unaligned
CONTIG	contig_380	145	unaligned
CONTIG	contig_381	144	unaligned
CONTIG	contig_382	144	unaligned
CONTIG	contig_383	144	unaligned
CONTIG	contig_384	144	unaligned
CONTIG	contig_385	144	unaligned
CONTIG	contig_386	144	unaligned
CONTIG	contig_387	144	unaligned
CONTIG	contig_388	144	unaligned
CONTIG	contig_389	144	unaligned
CONTIG	contig_390	143	unaligned
CONTIG	contig_391	143	unaligned
CONTIG	contig_392	143	unaligned
CONTIG	contig_393	143	unaligned
CONTIG	contig_394	143	unaligned
CONTIG	contig_395	143	unaligned
CONTIG	contig_396	143	unaligned
CONTIG	contig_397	143	unaligned
CONTIG	contig_398	142	unaligned
CONTIG	contig_399	142	unaligned
CONTIG	contig_400	142	unaligned
CONTIG	contig_401	142	unaligned
CONTIG	contig_402	142	unaligned
CONTIG	contig_403	142	unaligned
CONTIG	contig_404	142	unaligned
CONTIG	contig_405	142	unaligned
CONTIG	contig_406	142	unaligned
CONTIG	contig_407	142	unaligned
CONTIG	contig_408	142	unaligned
CONTIG	contig_409	142	unaligned
CONTIG	contig_410	142	unaligned
CONTIG	contig_411	141	unaligned
CONTIG	contig_412	141	unaligned
CONTIG	contig_413	141	unaligned
CONTIG	contig_414	141	unaligned
CONTIG	contig_415	141	unaligned
CONTIG	contig_416	141	unaligned
CONTIG	contig_417	141	unaligned
CONTIG	contig_418	141	unaligned
CONTIG	contig_419	141	unaligned
CONTIG	contig_420	140	unaligned
CONTIG	contig_421	140	unaligned
CONTIG	contig_422	140	unaligned
CONTIG	contig_423	140	unaligned
CONTIG	contig_424	140	unaligned
CONTIG	contig_425	140	unaligned
CONTIG	contig_426	140	unaligned
CONTIG	contig_427	140	unaligned
CONTIG	contig_428	139	unaligned
CONTIG	contig_429	139	unaligned
CONTIG	contig_430	139	unaligned
CONTIG	contig_431	139	unaligned
CONTIG	contig_432	139	unaligned
CONTIG	contig_433	139	unaligned
CONTIG	contig_434	139	unaligned
CONTIG	contig_435	139	unaligned
CONTIG	contig_436	139	unaligned
CONTIG	contig_437	139	unaligned
CONTIG	contig_438	139	unaligned
CONTIG	contig_439	138	unaligned
CONTIG	contig_440	138	unaligned
CONTIG	contig_441	138	unaligned
CONTIG	contig_442	138	unaligned
CONTIG	contig_443	138	unaligned
CONTIG	contig_444	138	unaligned
CONTIG	contig_445	138	unaligned
CONTIG	contig_446	138	unaligned
CONTIG	contig_447	138	unaligned
CONTIG	contig_448	138	unaligned
CONTIG	contig_449	138	unaligned
CONTIG	contig_450	137	unaligned
CONTIG	contig_451	137	unaligned
CONTIG	contig_452	137	unaligned
CONTIG	contig_453	137	unaligned
CONTIG	contig_454	137	unaligned
CONTIG	contig_455	137	unaligned
CONTIG	contig_456	137	unaligned
CONTIG	contig_457	137	unaligned
CONTIG	contig_458	137	unaligned
CONTIG	contig_459	137	unaligned
CONTIG	contig_460	137	unaligned
CONTIG	contig_461	137	unaligned
CONTIG	contig_462	136	unaligned
CONTIG	contig_463	136	unaligned
CONTIG	contig_464	136	unaligned
CONTIG	contig_465	136	unaligned
CONTIG	contig_466	135	unaligned
CONTIG	contig_467	135	unaligned
CONTIG	contig_468	135	unaligned
CONTIG	contig_469	135	unaligned
CONTIG	contig_470	135	unaligned
CONTIG	contig_471	135	unaligned
CONTIG	contig_472	135	unaligned
CONTIG	contig_473	135	unaligned
CONTIG	contig_474	135	unaligned
CONTIG	contig_475	135	unaligned
CONTIG	contig_476	134	unaligned
CONTIG	contig_477	134	unaligned
CONTIG	contig_478	134	unaligned
CONTIG	contig_479	134	unaligned
CONTIG	contig_480	134	unaligned
CONTIG	contig_481	133	unaligned
CONTIG	contig_482	133	unaligned
CONTIG	contig_483	133	unaligned
CONTIG	contig_484	133	unaligned
CONTIG	contig_485	133	unaligned
CONTIG	contig_486	133	unaligned
CONTIG	contig_487	133	unaligned
CONTIG	contig_488	133	unaligned
CONTIG	contig_489	132	unaligned
CONTIG	contig_490	132	unaligned
CONTIG	contig_491	132	unaligned
CONTIG	contig_492	132	unaligned
CONTIG	contig_493	132	unaligned
CONTIG	contig_494	132	unaligned
CONTIG	contig_495	132	unaligned
CONTIG	contig_496	132	unaligned
CONTIG	contig_497	132	unaligned
CONTIG	contig_498	131	unaligned
CONTIG	contig_499	131	unaligned
CONTIG	contig_500	131	unaligned
CONTIG	contig_501	131	unaligned
CONTIG	contig_502	131	unaligned
CONTIG	contig_503	131	unaligned
CONTIG	contig_504	131	unaligned
CONTIG	contig_505	131	unaligned
CONTIG	contig_506	131	unaligned
CONTIG	contig_507	131	unaligned
CONTIG	contig_508	131	unaligned
CONTIG	contig_509	130	unaligned
CONTIG	contig_510	130	unaligned
CONTIG	contig_511	130	unaligned
CONTIG	contig_512	130	unaligned
CONTIG	contig_513	130	unaligned
CONTIG	contig_514	130	unaligned
CONTIG	contig_515	130	unaligned
CONTIG	contig_516	130	unaligned
CONTIG	contig_517	130	unaligned
CONTIG	contig_518	130	unaligned
CONTIG	contig_519	130	unaligned
CONTIG	contig_520	130	unaligned
CONTIG	contig_521	130	unaligned
CONTIG	contig_522	130	unaligned
CONTIG	contig_523	130	unaligned
CONTIG	contig_524	130	unaligned
CONTIG	contig_525	129	unaligned
CONTIG	contig_526	129	unaligned
CONTIG	contig_527	129	unaligned
CONTIG	contig_528	129	unaligned
CONTIG	contig_529	129	unaligned
CONTIG	contig_530	129	unaligned
CONTIG	contig_531	129	unaligned
CONTIG	contig_532	129	unaligned
CONTIG	contig_533	129	unaligned
CONTIG	contig_534	129	unaligned
CONTIG	contig_535	129	unaligned
CONTIG	contig_536	129	unaligned
CONTIG	contig_537	129	unaligned
CONTIG	contig_538	129	unaligned
CONTIG	contig_539	129	unaligned
CONTIG	contig_540	129	unaligned
CONTIG	contig_541	128	unaligned
CONTIG	contig_542	128	unaligned
CONTIG	contig_543	128	unaligned
CONTIG	contig_544	128	unaligned
CONTIG	contig_545	128	unaligned
CONTIG	contig_546	128	unaligned
CONTIG	contig_547	128	unaligned
CONTIG	contig_548	128	unaligned
CONTIG	contig_549	128	unaligned
CONTIG	contig_550	128	unaligned
CONTIG	contig_551	128	unaligned
CONTIG	contig_552	128	unaligned
CONTIG	contig_553	127	unaligned
CONTIG	contig_554	127	unaligned
CONTIG	contig_555	127	unaligned
CONTIG	contig_556	127	unaligned
CONTIG	contig_557	127	unaligned
CONTIG	contig_558	127	unaligned
CONTIG	contig_559	127	unaligned
CONTIG	contig_560	127	unaligned
CONTIG	contig_561	127	unaligned
CONTIG	contig_562	127	unaligned
CONTIG	contig_563	127	unaligned
CONTIG	contig_564	127	unaligned
CONTIG	contig_565	127	unaligned
CONTIG	contig_566	127	unaligned
CONTIG	contig_567	126	unaligned
CONTIG	contig_568	126	unaligned
CONTIG	contig_569	126	unaligned
CONTIG	contig_570	126	unaligned
CONTIG	contig_571	126	unaligned
CONTIG	contig_572	126	unaligned
CONTIG	contig_573	126	unaligned
CONTIG	contig_574	126	unaligned
CONTIG	contig_575	126	unaligned
CONTIG	contig_576	126	unaligned
CONTIG	contig_577	126	unaligned
CONTIG	contig_578	125	unaligned
CONTIG	contig_579	125	unaligned
CONTIG	contig_580	125	unaligned
CONTIG	contig_581	125	unaligned
CONTIG	contig_582	125	unaligned
CONTIG	contig_583	125	unaligned
CONTIG	contig_584	125	unaligned
CONTIG	contig_585	125	unaligned
CONTIG	contig_586	125	unaligned
CONTIG	contig_587	125	unaligned
CONTIG	contig_588	125	unaligned
CONTIG	contig_589	124	unaligned
CONTIG	contig_590	124	unaligned
CONTIG	contig_591	124	unaligned
CONTIG	contig_592	124	unaligned
CONTIG	contig_593	124	unaligned
CONTIG	contig_594	124	unaligned
CONTIG	contig_595	124	unaligned
CONTIG	contig_596	124	unaligned
CONTIG	contig_597	124	unaligned
CONTIG	contig_598	124	unaligned
CONTIG	contig_599	124	unaligned
CONTIG	contig_600	124	unaligned
CONTIG	contig_601	124	unaligned
CONTIG	contig_602	124	unaligned
CONTIG	contig_603	124	unaligned
CONTIG	contig_604	124	unaligned
CONTIG	contig_605	123	unaligned
CONTIG	contig_606	123	unaligned
CONTIG	contig_607	123	unaligned
CONTIG	contig_608	123	unaligned
CONTIG	contig_609	123	unaligned
CONTIG	contig_610	123	unaligned
CONTIG	contig_611	123	unaligned
CONTIG	contig_612	123	unaligned
CONTIG	contig_613	123	unaligned
CONTIG	contig_614	123	unaligned
CONTIG	contig_615	123	unaligned
CONTIG	contig_616	123	unaligned
CONTIG	contig_617	123	unaligned
CONTIG	contig_618	123	unaligned
CONTIG	contig_619	122	unaligned
CONTIG	contig_620	122	unaligned
CONTIG	contig_621	122	unaligned
CONTIG	contig_622	122	unaligned
CONTIG	contig_623	122	unaligned
CONTIG	contig_624	122	unaligned
CONTIG	contig_625	122	unaligned
CONTIG	contig_626	122	unaligned
CONTIG	contig_627	122	unaligned
CONTIG	contig_628	122	unaligned
CONTIG	contig_629	122	unaligned
CONTIG	contig_630	122	unaligned
CONTIG	contig_631	122	unaligned
CONTIG	contig_632	122	unaligned
CONTIG	contig_633	122	unaligned
CONTIG	contig_634	122	unaligned
CONTIG	contig_635	121	unaligned
CONTIG	contig_636	121	unaligned
CONTIG	contig_637	121	unaligned
CONTIG	contig_638	121	unaligned
CONTIG	contig_639	121	unaligned
CONTIG	contig_640	121	unaligned
CONTIG	contig_641	121	unaligned
CONTIG	contig_642	121	unaligned
CONTIG	contig_643	121	unaligned
CONTIG	contig_644	120	unaligned
CONTIG	contig_645	120	unaligned
CONTIG	contig_646	120	unaligned
CONTIG	contig_647	120	unaligned
CONTIG	contig_648	120	unaligned
CONTIG	contig_649	120	unaligned
CONTIG	contig_650	120	unaligned
CONTIG	contig_651	120	unaligned
CONTIG	contig_652	120	unaligned
CONTIG	contig_653	120	unaligned
CONTIG	contig_654	120	unaligned
CONTIG	contig_655	120	unaligned
CONTIG	contig_656	120	unaligned
CONTIG	contig_657	120	unaligned
CONTIG	contig_658	120	unaligned
CONTIG	contig_659	120	unaligned
CONTIG	contig_660	120	unaligned
CONTIG	contig_661	120	unaligned
CONTIG	contig_662	119	unaligned
CONTIG	contig_663	119	unaligned
CONTIG	contig_664	119	unaligned
CONTIG	contig_665	119	unaligned
CONTIG	contig_666	119	unaligned
CONTIG	contig_667	119	unaligned
CONTIG	contig_668	119	unaligned
CONTIG	contig_669	119	unaligned
CONTIG	contig_670	119	unaligned
CONTIG	contig_671	119	unaligned
CONTIG	contig_672	119	unaligned
CONTIG	contig_673	119	unaligned
CONTIG	contig_674	119	unaligned
CONTIG	contig_675	119	unaligned
CONTIG	contig_676	119	unaligned
CONTIG	contig_677	119	unaligned
CONTIG	contig_678	119	unaligned
CONTIG	contig_679	119	unaligned
CONTIG	contig_680	119	unaligned
CONTIG	contig_681	119	unaligned
CONTIG	contig_682	119	unaligned
CONTIG	contig_683	119	unaligned
CONTIG	contig_684	118	unaligned
CONTIG	contig_685	118	unaligned
CONTIG	contig_686	118	unaligned
CONTIG	contig_687	118	unaligned
CONTIG	contig_688	118	unaligned
CONTIG	contig_689	118	unaligned
CONTIG	contig_690	118	unaligned
CONTIG	contig_691	118	unaligned
CONTIG	contig_692	118	unaligned
CONTIG	contig_693	118	unaligned
CONTIG	contig_694	118	unaligned
CONTIG	contig_695	118	unaligned
CONTIG	contig_696	118	unaligned
CONTIG	contig_697	118	unaligned
CONTIG	contig_698	118	unaligned
CONTIG	contig_699	118	unaligned
CONTIG	contig_700	117	unaligned
CONTIG	contig_701	117	unaligned
CONTIG	contig_702	117	unaligned
CONTIG	contig_703	117	unaligned
CONTIG	contig_704	117	unaligned
CONTIG	contig_705	117	unaligned
CONTIG	contig_706	117	unaligned
CONTIG	contig_707	117	unaligned
CONTIG	contig_708	117	unaligned
CONTIG	contig_709	117	unaligned
CONTIG	contig_710	117	unaligned
CONTIG	contig_711	117	unaligned
CONTIG	contig_712	117	unaligned
CONTIG	contig_713	117	unaligned
CONTIG	contig_714	117	unaligned
CONTIG	contig_715	117	unaligned
CONTIG	contig_716	117	unaligned
CONTIG	contig_717	117	unaligned
CONTIG	contig_718	117	unaligned
CONTIG	contig_719	116	unaligned
CONTIG	contig_720	116	unaligned
CONTIG	contig_721	116	unaligned
CONTIG	contig_722	116	unaligned
CONTIG	contig_723	116	unaligned
CONTIG	contig_724	116	unaligned
CONTIG	contig_725	116	unaligned
CONTIG	contig_726	116	unaligned
CONTIG	contig_727	116	unaligned
CONTIG	contig_728	116	unaligned
CONTIG	contig_729	116	unaligned
CONTIG	contig_730	116	unaligned
CONTIG	contig_731	116	unaligned
CONTIG	contig_732	116	unaligned
CONTIG	contig_733	116	unaligned
CONTIG	contig_734	116	unaligned
CONTIG	contig_735	115	unaligned
CONTIG	contig_736	115	unaligned
CONTIG	contig_737	115	unaligned
CONTIG	contig_738	115	unaligned
CONTIG	contig_739	115	unaligned
CONTIG	contig_740	115	unaligned
CONTIG	contig_741	115	unaligned
CONTIG	contig_742	115	unaligned
CONTIG	contig_743	115	unaligned
CONTIG	contig_744	115	unaligned
CONTIG	contig_745	115	unaligned
CONTIG	contig_746	115	unaligned
CONTIG	contig_747	115	unaligned
CONTIG	contig_748	115	unaligned
CONTIG	contig_749	114	unaligned
CONTIG	contig_750	114	unaligned
CONTIG	contig_751	114	unaligned
CONTIG	contig_752	114	unaligned
CONTIG	contig_753	114	unaligned
CONTIG	contig_754	114	unaligned
CONTIG	contig_755	114	unaligned
CONTIG	contig_756	114	unaligned
CONTIG	contig_757	114	unaligned
CONTIG	contig_758	114	unaligned
CONTIG	contig_759	114	unaligned
CONTIG	contig_760	114	unaligned
CONTIG	contig_761	114	unaligned
CONTIG	contig_762	114	unaligned
CONTIG	contig_763	114	unaligned
CONTIG	contig_764	114	unaligned
CONTIG	contig_765	114	unaligned
CONTIG	contig_766	114	unaligned
CONTIG	contig_767	114	unaligned
CONTIG	contig_768	114	unaligned
920	1033	114	1	NC_019843.3	contig_769	100.0		True
CONTIG	contig_769	114	correct
CONTIG	contig_770	113	unaligned
CONTIG	contig_771	113	unaligned
CONTIG	contig_772	113	unaligned
CONTIG	contig_773	113	unaligned
CONTIG	contig_774	113	unaligned
CONTIG	contig_775	113	unaligned
CONTIG	contig_776	113	unaligned
CONTIG	contig_777	113	unaligned
CONTIG	contig_778	113	unaligned
CONTIG	contig_779	113	unaligned
CONTIG	contig_780	113	unaligned
CONTIG	contig_781	113	unaligned
CONTIG	contig_782	113	unaligned
CONTIG	contig_783	113	unaligned
CONTIG	contig_784	113	unaligned
CONTIG	contig_785	113	unaligned
CONTIG	contig_786	113	unaligned
CONTIG	contig_787	113	unaligned
CONTIG	contig_788	113	unaligned
CONTIG	contig_789	113	unaligned
CONTIG	contig_790	113	unaligned
CONTIG	contig_791	112	unaligned
CONTIG	contig_792	112	unaligned
CONTIG	contig_793	112	unaligned
CONTIG	contig_794	112	unaligned
CONTIG	contig_795	112	unaligned
CONTIG	contig_796	112	unaligned
CONTIG	contig_797	112	unaligned
CONTIG	contig_798	112	unaligned
CONTIG	contig_799	112	unaligned
CONTIG	contig_800	112	unaligned
CONTIG	contig_801	112	unaligned
CONTIG	contig_802	112	unaligned
CONTIG	contig_803	112	unaligned
CONTIG	contig_804	112	unaligned
CONTIG	contig_805	112	unaligned
CONTIG	contig_806	112	unaligned
CONTIG	contig_807	112	unaligned
CONTIG	contig_808	112	unaligned
CONTIG	contig_809	112	unaligned
CONTIG	contig_810	112	unaligned
CONTIG	contig_811	112	unaligned
CONTIG	contig_812	111	unaligned
CONTIG	contig_813	111	unaligned
CONTIG	contig_814	111	unaligned
CONTIG	contig_815	111	unaligned
CONTIG	contig_816	111	unaligned
CONTIG	contig_817	111	unaligned
CONTIG	contig_818	111	unaligned
CONTIG	contig_819	111	unaligned
CONTIG	contig_820	111	unaligned
CONTIG	contig_821	111	unaligned
CONTIG	contig_822	111	unaligned
CONTIG	contig_823	111	unaligned
CONTIG	contig_824	111	unaligned
CONTIG	contig_825	111	unaligned
CONTIG	contig_826	111	unaligned
CONTIG	contig_827	111	unaligned
CONTIG	contig_828	110	unaligned
CONTIG	contig_829	110	unaligned
CONTIG	contig_830	110	unaligned
CONTIG	contig_831	110	unaligned
CONTIG	contig_832	110	unaligned
CONTIG	contig_833	110	unaligned
CONTIG	contig_834	110	unaligned
CONTIG	contig_835	110	unaligned
CONTIG	contig_836	110	unaligned
CONTIG	contig_837	110	unaligned
CONTIG	contig_838	110	unaligned
CONTIG	contig_839	110	unaligned
CONTIG	contig_840	110	unaligned
CONTIG	contig_841	110	unaligned
CONTIG	contig_842	110	unaligned
CONTIG	contig_843	110	unaligned
CONTIG	contig_844	110	unaligned
CONTIG	contig_845	110	unaligned
CONTIG	contig_846	110	unaligned
CONTIG	contig_847	110	unaligned
CONTIG	contig_848	110	unaligned
CONTIG	contig_849	110	unaligned
CONTIG	contig_850	110	unaligned
CONTIG	contig_851	110	unaligned
CONTIG	contig_852	110	unaligned
CONTIG	contig_853	109	unaligned
CONTIG	contig_854	109	unaligned
CONTIG	contig_855	109	unaligned
CONTIG	contig_856	109	unaligned
CONTIG	contig_857	109	unaligned
CONTIG	contig_858	109	unaligned
CONTIG	contig_859	109	unaligned
CONTIG	contig_860	109	unaligned
CONTIG	contig_861	109	unaligned
CONTIG	contig_862	109	unaligned
CONTIG	contig_863	109	unaligned
CONTIG	contig_864	109	unaligned
CONTIG	contig_865	109	unaligned
CONTIG	contig_866	109	unaligned
CONTIG	contig_867	109	unaligned
CONTIG	contig_868	109	unaligned
CONTIG	contig_869	109	unaligned
CONTIG	contig_870	109	unaligned
CONTIG	contig_871	109	unaligned
CONTIG	contig_872	109	unaligned
CONTIG	contig_873	108	unaligned
CONTIG	contig_874	108	unaligned
CONTIG	contig_875	108	unaligned
CONTIG	contig_876	108	unaligned
CONTIG	contig_877	108	unaligned
CONTIG	contig_878	108	unaligned
CONTIG	contig_879	108	unaligned
CONTIG	contig_880	108	unaligned
CONTIG	contig_881	108	unaligned
CONTIG	contig_882	108	unaligned
CONTIG	contig_883	108	unaligned
CONTIG	contig_884	108	unaligned
CONTIG	contig_885	108	unaligned
CONTIG	contig_886	108	unaligned
CONTIG	contig_887	108	unaligned
CONTIG	contig_888	108	unaligned
CONTIG	contig_889	108	unaligned
CONTIG	contig_890	108	unaligned
CONTIG	contig_891	108	unaligned
CONTIG	contig_892	108	unaligned
CONTIG	contig_893	108	unaligned
CONTIG	contig_894	108	unaligned
CONTIG	contig_895	108	unaligned
CONTIG	contig_896	108	unaligned
CONTIG	contig_897	108	unaligned
CONTIG	contig_898	108	unaligned
CONTIG	contig_899	108	unaligned
CONTIG	contig_900	107	unaligned
CONTIG	contig_901	107	unaligned
CONTIG	contig_902	107	unaligned
CONTIG	contig_903	107	unaligned
CONTIG	contig_904	107	unaligned
CONTIG	contig_905	107	unaligned
CONTIG	contig_906	107	unaligned
CONTIG	contig_907	107	unaligned
CONTIG	contig_908	107	unaligned
CONTIG	contig_909	107	unaligned
CONTIG	contig_910	107	unaligned
CONTIG	contig_911	107	unaligned
CONTIG	contig_912	107	unaligned
CONTIG	contig_913	107	unaligned
CONTIG	contig_914	107	unaligned
CONTIG	contig_915	107	unaligned
CONTIG	contig_916	107	unaligned
CONTIG	contig_917	107	unaligned
CONTIG	contig_918	107	unaligned
CONTIG	contig_919	107	unaligned
CONTIG	contig_920	106	unaligned
CONTIG	contig_921	106	unaligned
CONTIG	contig_922	106	unaligned
CONTIG	contig_923	106	unaligned
CONTIG	contig_924	106	unaligned
CONTIG	contig_925	106	unaligned
CONTIG	contig_926	106	unaligned
CONTIG	contig_927	106	unaligned
CONTIG	contig_928	106	unaligned
CONTIG	contig_929	106	unaligned
CONTIG	contig_930	106	unaligned
CONTIG	contig_931	106	unaligned
CONTIG	contig_932	106	unaligned
CONTIG	contig_933	106	unaligned
CONTIG	contig_934	106	unaligned
CONTIG	contig_935	106	unaligned
CONTIG	contig_936	106	unaligned
CONTIG	contig_937	106	unaligned
CONTIG	contig_938	105	unaligned
CONTIG	contig_939	105	unaligned
CONTIG	contig_940	105	unaligned
CONTIG	contig_941	105	unaligned
CONTIG	contig_942	105	unaligned
CONTIG	contig_943	105	unaligned
CONTIG	contig_944	105	unaligned
CONTIG	contig_945	105	unaligned
CONTIG	contig_946	105	unaligned
CONTIG	contig_947	105	unaligned
CONTIG	contig_948	105	unaligned
CONTIG	contig_949	105	unaligned
CONTIG	contig_950	105	unaligned
CONTIG	contig_951	105	unaligned
CONTIG	contig_952	105	unaligned
CONTIG	contig_953	105	unaligned
CONTIG	contig_954	105	unaligned
CONTIG	contig_955	105	unaligned
CONTIG	contig_956	105	unaligned
CONTIG	contig_957	105	unaligned
CONTIG	contig_958	105	unaligned
CONTIG	contig_959	105	unaligned
CONTIG	contig_960	105	unaligned
CONTIG	contig_961	105	unaligned
CONTIG	contig_962	105	unaligned
CONTIG	contig_963	105	unaligned
CONTIG	contig_964	105	unaligned
CONTIG	contig_965	105	unaligned
CONTIG	contig_966	105	unaligned
CONTIG	contig_967	104	unaligned
CONTIG	contig_968	104	unaligned
CONTIG	contig_969	104	unaligned
CONTIG	contig_970	104	unaligned
CONTIG	contig_971	104	unaligned
CONTIG	contig_972	104	unaligned
CONTIG	contig_973	104	unaligned
CONTIG	contig_974	104	unaligned
CONTIG	contig_975	104	unaligned
CONTIG	contig_976	104	unaligned
CONTIG	contig_977	104	unaligned
CONTIG	contig_978	104	unaligned
CONTIG	contig_979	104	unaligned
CONTIG	contig_980	104	unaligned
CONTIG	contig_981	104	unaligned
CONTIG	contig_982	104	unaligned
CONTIG	contig_983	104	unaligned
CONTIG	contig_984	104	unaligned
CONTIG	contig_985	104	unaligned
CONTIG	contig_986	104	unaligned
CONTIG	contig_987	103	unaligned
CONTIG	contig_988	103	unaligned
CONTIG	contig_989	103	unaligned
CONTIG	contig_990	103	unaligned
CONTIG	contig_991	103	unaligned
CONTIG	contig_992	103	unaligned
CONTIG	contig_993	103	unaligned
CONTIG	contig_994	103	unaligned
CONTIG	contig_995	103	unaligned
CONTIG	contig_996	103	unaligned
CONTIG	contig_997	103	unaligned
CONTIG	contig_998	103	unaligned
CONTIG	contig_999	103	unaligned
CONTIG	contig_1000	103	unaligned
CONTIG	contig_1001	103	unaligned
CONTIG	contig_1002	103	unaligned
CONTIG	contig_1003	103	unaligned
CONTIG	contig_1004	103	unaligned
CONTIG	contig_1005	103	unaligned
CONTIG	contig_1006	103	unaligned
CONTIG	contig_1007	103	unaligned
CONTIG	contig_1008	103	unaligned
CONTIG	contig_1009	103	unaligned
CONTIG	contig_1010	103	unaligned
CONTIG	contig_1011	103	unaligned
CONTIG	contig_1012	103	unaligned
CONTIG	contig_1013	103	unaligned
CONTIG	contig_1014	103	unaligned
CONTIG	contig_1015	103	unaligned
CONTIG	contig_1016	103	unaligned
CONTIG	contig_1017	103	unaligned
CONTIG	contig_1018	103	unaligned
CONTIG	contig_1019	102	unaligned
CONTIG	contig_1020	102	unaligned
CONTIG	contig_1021	102	unaligned
CONTIG	contig_1022	102	unaligned
CONTIG	contig_1023	102	unaligned
CONTIG	contig_1024	102	unaligned
CONTIG	contig_1025	102	unaligned
CONTIG	contig_1026	102	unaligned
CONTIG	contig_1027	102	unaligned
CONTIG	contig_1028	102	unaligned
CONTIG	contig_1029	102	unaligned
CONTIG	contig_1030	102	unaligned
CONTIG	contig_1031	102	unaligned
CONTIG	contig_1032	102	unaligned
CONTIG	contig_1033	102	unaligned
CONTIG	contig_1034	102	unaligned
CONTIG	contig_1035	102	unaligned
CONTIG	contig_1036	102	unaligned
CONTIG	contig_1037	102	unaligned
CONTIG	contig_1038	102	unaligned
CONTIG	contig_1039	102	unaligned
CONTIG	contig_1040	102	unaligned
CONTIG	contig_1041	102	unaligned
CONTIG	contig_1042	102	unaligned
CONTIG	contig_1043	102	unaligned
CONTIG	contig_1044	102	unaligned
CONTIG	contig_1045	101	unaligned
CONTIG	contig_1046	101	unaligned
CONTIG	contig_1047	101	unaligned
CONTIG	contig_1048	101	unaligned
CONTIG	contig_1049	101	unaligned
CONTIG	contig_1050	101	unaligned
CONTIG	contig_1051	101	unaligned
CONTIG	contig_1052	101	unaligned
CONTIG	contig_1053	101	unaligned
CONTIG	contig_1054	101	unaligned
CONTIG	contig_1055	101	unaligned
CONTIG	contig_1056	101	unaligned
CONTIG	contig_1057	101	unaligned
CONTIG	contig_1058	101	unaligned
CONTIG	contig_1059	101	unaligned
CONTIG	contig_1060	101	unaligned
CONTIG	contig_1061	101	unaligned
CONTIG	contig_1062	101	unaligned
CONTIG	contig_1063	101	unaligned
CONTIG	contig_1064	101	unaligned
CONTIG	contig_1065	101	unaligned
CONTIG	contig_1066	101	unaligned
CONTIG	contig_1067	101	unaligned
CONTIG	contig_1068	101	unaligned
CONTIG	contig_1069	101	unaligned
CONTIG	contig_1070	101	unaligned
CONTIG	contig_1071	101	unaligned
CONTIG	contig_1072	101	unaligned
CONTIG	contig_1073	101	unaligned
CONTIG	contig_1074	101	unaligned
CONTIG	contig_1075	101	unaligned
CONTIG	contig_1076	101	unaligned
CONTIG	contig_1077	101	unaligned
CONTIG	contig_1078	101	unaligned
CONTIG	contig_1079	101	unaligned
CONTIG	contig_1080	101	unaligned
CONTIG	contig_1081	101	unaligned
CONTIG	contig_1082	101	unaligned
CONTIG	contig_1083	101	unaligned
CONTIG	contig_1084	101	unaligned
CONTIG	contig_1085	101	unaligned
CONTIG	contig_1086	101	unaligned
CONTIG	contig_1087	101	unaligned
CONTIG	contig_1088	101	unaligned
CONTIG	contig_1089	101	unaligned
CONTIG	contig_1090	100	unaligned
CONTIG	contig_1091	100	unaligned
CONTIG	contig_1092	100	unaligned
CONTIG	contig_1093	100	unaligned
CONTIG	contig_1094	100	unaligned
CONTIG	contig_1095	100	unaligned
CONTIG	contig_1096	100	unaligned
CONTIG	contig_1097	100	unaligned
CONTIG	contig_1098	100	unaligned
CONTIG	contig_1099	100	unaligned
CONTIG	contig_1100	100	unaligned
CONTIG	contig_1101	100	unaligned
CONTIG	contig_1102	100	unaligned
CONTIG	contig_1103	100	unaligned
CONTIG	contig_1104	100	unaligned
CONTIG	contig_1105	100	unaligned
CONTIG	contig_1106	100	unaligned
CONTIG	contig_1107	100	unaligned
CONTIG	contig_1108	100	unaligned
CONTIG	contig_1109	100	unaligned
CONTIG	contig_1110	100	unaligned
CONTIG	contig_1111	100	unaligned
CONTIG	contig_1112	100	unaligned
CONTIG	contig_1113	100	unaligned
CONTIG	contig_1114	100	unaligned
